{"cameraMode":{"drawMode":0,"name":"Shaded","section":"Shading Mode"},"sceneLighting":true,"audioPlay":false,"sceneViewState":{"showFog":true,"showMaterialUpdate":false,"showSkybox":true,"showFlares":true,"showImageEffects":true,"showParticleSystems":true},"in2DMode":false,"pivot":{"x":-0.6980182528495789,"y":-6.270422458648682,"z":-3.296398878097534},"rotation":{"x":-0.04275140538811684,"y":0.7278432846069336,"z":-0.04460802301764488,"w":-0.6832464933395386},"size":21.70423698425293,"orthographic":false}